no,depict
1,search_IdentityInfo
1,search_Staff
1,update_Staff
1,search_Dataset
1,search_Score
1,search_Comment
1,search_Current_Apply
1,add_Current_Apply
1,update_Current_Apply
1,search_Apply
1,add_Authorization
1,search_Visitor
2,search_IdentityInfo
2,search_QueryAssist
2,update_QueryAssist
2,search_Communication
2,add_Communication
2,del_Communication
3,search_IdentityInfo
3,add_IdentityInfo
3,search_Dataset
3,search_Score
3,add_Score
3,search_Comment
3,add_Comment
3,search_Current_Apply
3,search_Apply
3,add_Apply
3,search_Communication
3,add_Communication
3,del_Communication
3,search_Authorization
3,search_QueryAssist
3,search_Visitor
3,add_Visitor
3,update_Visitor
3,search_Staff
